name,shopname,price,paynum
Python3网络爬虫开发实战 崔庆才,新华在线图书专营店,68.00,161人付款
python编程从入门到精通 python基础教程 Python网络爬虫核心编程数据分析语言程序设计实战实践 电脑计算机编程零基础书籍 小甲鱼,瑞雅图书专营,40.00,2482人付款
python基础教程 零基础学Python3.5编程从入门到实践 精通计算机程序设计pathon核心技术网络爬虫书籍 赠源代码/视频课程小甲鱼,阅轩图书专营店,69.80,4378人付款
实战Python网络爬虫(黄永祥;9787302524892;清华大学出版社;99.00),润知天下图书专营店,69.30,2人付款
Python网络爬虫从入门到实践 第2版(唐松;9787111626879;机械工业出版社;69.00),润知天下图书专营店,50.40,1人付款
当当网python基础教程 零基础学Python3编程从入门到实践精通计算机程序设计pathon核心技术网络爬虫书籍 赠源代码/视频课程小甲鱼,当当网官方旗舰店,69.80,1518人付款
python爬虫代写matlab代做stata数据代查分析Eviews计量模型R语言,难能心动丶66,10.00,498人付款
python爬虫代写matlab代做stata代做Eviews数据代查空间计量模型,新酷语,100.00,121人付款
Python代写代做爬虫数据分析java程序r语言matlab网页web/c语言,tb98005669,10.00,197人付款
【官方正版】利用Python进行数据分析原书第2版 python基础入门教程python数据分析爬虫程序大数据处理手册计算机程序设计图书籍,新华文轩网络书店,70.50,269人付款
Python基础教程 第3版python3核心编程从入门到实践网络爬虫数据分析 零基础自学pathon从入门到精通程序设计实战代码书籍小甲鱼,当当网官方旗舰店,73.90,327人付款
python基础教程教材Python编程从零基础到项目实战实例python入门python语言及其应用程序设计python爬虫python视频教程python书籍,华心图书专营店,39.90,1212人付款
Python编程从入门到实践 Python语言程序设计基础 python3数据分析实战 计算机编程入门python网络爬虫开发零基础视频教程教材书籍,华心图书专营店,69.80,502人付款
利用Python进行数据分析 原书第2版 Python编程从入门到实践 编程基础教程 网络爬虫入门书籍 编程入门零基础自学 程序设计教材,阅轩图书专营店,70.00,326人付款
Python编程从入门到精通 计算机电脑编程入门自学零基础书籍网络爬虫 pathon编程从入门到实践python基础教程语言程序设计小甲鱼,墨涵图书专营店,39.90,887人付款
Python3网络爬虫开发实战 崔庆才 网络数据采集抓取处理分析书籍教程 写网络爬虫大数据教程程序设计计算机书,新华在线图书专营店,68.00,161人付款
零基础入门学习Python 小甲鱼 python编程从入门到精通实践 pathon3.7语言程序设计基础教程网络爬虫 计算机电脑编程入门自学书籍,墨涵图书专营店,44.50,523人付款
正版 疯狂Python讲义 李刚编著 Python编程从入门到实践教程书籍 Python网络编程数据分析网络爬虫 程序设计编程语法函数教材,济南常青藤图书专营店,73.60,128人付款
Python网络爬虫从入门到实践+Python 3网络爬虫开发实战（全2册）数据抓取指南 Python3网络爬虫项目开发教程书籍 程序设计,济南常青藤图书专营店,99.70,86人付款
python编程从入门实践 零基础学python3.5基础教程网络爬虫入门书籍python视频编程从入门到精通程序设计教材项目实战,悦悦图书专营店,69.80,184人付款
【官方正版】Python核心编程第3版 python从入门到精通开发进阶书籍 python机器学习数据处理分析网络爬虫python开发大全学习手册,新华文轩网络书店,49.50,158人付款
Python从入门到项目实践零基础 python编程从入门到实践 精通计算机程序设计pathon核心技术网络爬虫书籍,悦悦图书专营店,54.80,103人付款
正版 Django企业开发实战 高效Python Web框架指南  python基础教程入门到实践 语言程序设计书籍爬虫技巧核心编程,布克图书专营店,66.50,52人付款
python视频教程零基础学python计算机编程基础入门书籍小甲鱼零基础python编程基础从入门到实战python基础教程数据分析网络爬虫,百华图书专营店,39.90,667人付款
Python3编程从入门到实践 Python基础教程 零基础自学Python书籍核心编程机器学习数据处理网络爬虫小甲鱼教程 新华书店正版图书,新华在线图书专营店,69.80,124人付款
Python3编程视频教程零基础人工智能程序设计开发学网络爬虫课程,周达学教育旗舰店,99.00,331人付款
赠电子书 正版 利用Python进行数据分析 原书第二版 python数据分析实战 数据挖掘分析 精通数据科学 Python网络爬虫入门实战手册,布克图书专营店,77.50,16人付款
python爬虫算法代写代做java/matlab/r语言/stata数据分析留学生,木口子3,10.00,96人付款
正版 Python3网络爬虫开发实战 崔庆才 网络数据采集抓取处理分析书籍教程 写网络爬虫大数据教程程序设计计算机书,友杰图书专营店,68.00,22人付款
Python从入门到项目实践 计算机程序设计书籍 Python编程从入门项目实践 pathon核心技术网络爬虫书 Python项目实战基础知识书籍,百华图书专营店,54.80,92人付款
python基础教程 零基础学Python3编程从入门到实践 精通计算机程序设计pathon核心技术网络爬虫书籍 赠源代码/视频课程小甲鱼,凤凰新华书店旗舰店,69.80,18人付款
正版现货 疯狂Python讲义 Python编程从入门到实践教程书籍 Python网络编程数据分析网络爬虫 程序设计编程语法函数培训教材,京广博图书专营店,64.00,104人付款
预售python基础教程 零基础学python3.5编程从入门到实践 精通计算机程序设计pathon核心技术网络爬虫书籍 赠源代码视频课程小甲鱼,兴阅图书专营店,69.80,160人付款
现货正版 疯狂Python讲义 李刚 Python编程从入门到实践教程书籍 Python网络编程数据分析网络爬虫 程序设计编程语法函数教材,瑞雅图书专营,79.80,75人付款
正版包邮python基础教程零基础学Python3编程从入门到实践 精通计算机程序设计pathon核心技术网络爬虫书籍赠源代码视频课程小甲鱼,友杰图书专营店,69.80,23人付款
Python教程 Python编程从零基础到项目实战 Python基础编程 python爬虫 python从入门到精通 Python编程从入门到实践,翔坤图书专营店,39.90,295人付款
疯狂Python讲义 李刚 python编程从入门到精通实践计算机语言程序设计 python基础教程核心技术网络爬虫pathon零基础入门自学书籍,墨马图书专营店,79.80,117人付款
【2本套】笨办法学Python 3+用Python写网络爬虫 Python编程序设计基础教程入门书籍 计算机程序设计从零到入门到实践 人民邮电,鼎甲图书专营店,79.00,6人付款
实战Python网络爬虫 python 网络爬虫 分布式爬虫 Scrapy框架 程序设计,清华大学出版社官方旗舰店,79.20,7人付款
python代写爬虫数据分析javaweb代做html网页面js代码vue/php开发,tb355227441,50.00,16人付款
python基础教程 疯狂Python讲义 Python编程从入门到实践教程书籍 Python网络编程数据分析网络爬虫 程序设计编程语法函数教材,大成文汇图书专营店,79.80,179人付款
Python基础教程第3版 python3.5核心编程从入门到实践网络爬虫数据分析 零基础自学pathon从入门到精通程序设计实战代码书籍第三版,墨马图书专营店,69.80,38人付款
Python视频教程 django大数据运维scrapy爬虫3.4/3.6/3.7在线课程,宝满服务旗舰店,39.90,100人付款
python3视频教程网课人工智能基础自学全套数据分析网络爬虫课程,tb47013513,25.00,1565人付款
python基础教程 零基础学Python3.5编程从入门到实践 精通计算机程序设计pathon核心技术网络爬虫书籍 赠源代码/视频课程小甲鱼,鼎甲图书专营店,69.80,6人付款
python爬虫python代做matlab代做stata代做eviews代做spss代做DEA,秒答公司,10.00,20人付款
【官方正版】玩转Python网络爬虫 黄永祥 玩转Python网络爬虫 清华大学出版社 玩转Python网络爬虫,清华大学出版社官方旗舰店,55.20,13人付款
python基础教程 零基础学Python3.5编程从入门到实践 精通计算机程序设计pathon核心技术网络爬虫书籍 赠视频/源代码 环球兴学,环球兴学图书专营店,69.80,5人付款
python爬虫python代做matlab代做stata代做eviews代做spss代做DEA,秒答公司,10.00,20人付款
【官方正版】玩转Python网络爬虫 黄永祥 玩转Python网络爬虫 清华大学出版社 玩转Python网络爬虫,清华大学出版社官方旗舰店,55.20,13人付款
python基础教程 零基础学Python3.5编程从入门到实践 精通计算机程序设计pathon核心技术网络爬虫书籍 赠视频/源代码 环球兴学,环球兴学图书专营店,69.80,5人付款
从零开始学Python网络爬虫 开发教程 网络爬虫 游戏开发应用 Python编程序设计基础教程入门书籍 程序设计核心编程学习 环球兴学,环球兴学图书专营店,48.80,10人付款
电子书 Python网络爬虫从入门到实践,北京华章图书专营店,16.99,3人付款
【百社好书】包邮 图灵 Python编程从入门到实践 python基础教程数据分析python书核心编程爬虫人工智能机器学习计算机程序设计,弗洛拉图书专营店,69.80,5人付款
利用Python进行数据分析 原书第二版 python3.6基础教程 python实践从入门到精通 python数据分析实战 数据挖掘 pthon网络爬虫书籍,京广博图书专营店,67.80,54人付款
Python基础教程Python编程从入门到实践 python3.5核心编程基础教程网络爬虫入门书籍零基础学python视频编程从入门到精通实战教材,翔坤图书专营店,69.80,36人付款
精通python网络爬虫代做用python写网络爬虫项目代写源代码开发,常在心zj,100.00,8人付款
【当当网 正版书籍】Python3网络爬虫开发实战 崔庆才 数据抓取处理分析书籍教程 写网络爬虫网络数据采集书,当当网官方旗舰店,78.20,165人付款
Python项目开发案例集锦全彩版 python基础教程python编程从入门到实践编程书籍python爬虫python数据分析流畅的python,悦悦图书专营店,53.50,105人付款
Python从入门到精通+C语言从入门到精通+java入门到精通 全3册 电脑计算机编程入门零基础自学书籍JAVA程序设计教程教材pathon爬虫,墨涵图书专营店,129.80,143人付款
3本套 python基础教程 Python3.5编程从入门到实践 Python神经网络编程 网络爬虫开发实战计算机程序设计核心技术网络爬虫教程书籍,阅轩图书专营店,189.00,25人付款
正版现货 流畅的Python语言程序设计 python核心编程 python数据分析代码大全入门到精通教程 Python网络爬虫开发基础教程书籍,华心图书专营店,89.60,68人付款
套装全3册 零基础学Python+Python项目开发案例集锦+Python从入门到项目实践 python核心技术网络爬虫书,悦悦图书专营店,145.00,17人付款
Python编程快速上手让繁琐工作自动化零基础自学计算机程序设计网络爬虫语言从入门到精通pathon基础教程书籍核心编程技术数据分析,墨涵图书专营店,42.80,207人付款
Python网络爬虫权威指南 第二2版网络数据采集写爬虫软件编程入门到实践基础教程 数据采集入门书籍 程序设计教材,当当网官方旗舰店,54.50,44人付款
Python核心编程第3版 python从入门到实践开发进阶书籍 python机器学习数据处理分析网络爬虫python开发大全学习手册,新华在线图书专营店,59.90,42人付款
2本套 python基础教程+c++primer plus 中文版从入门到精通 c语言程序设计零基础自学编程入门书 计算机程序开发 数据结构网络爬虫,阅轩图书专营店,135.00,25人付款
Python机器学习原书第2版  python编程从入门到精通数据结构与算法编程书籍python基础教程python爬虫程序员入门书籍 新华书店正版,新华在线图书专营店,55.20,27人付款
【赠源代码】Python3.5编程从入门到实践机器学习数据处理网络爬虫热门编程语言从基本概念到完整项目开发迅速掌握Python编程正版,新华文轩网络书店,69.80,67人付款
Python从入门到精通+C语言从入门到精通+java从入门到精通 全3册 计算机零基础自学书籍爬虫pathon编程从入门JAVA程序设计教程教材,新华文轩网络书店,129.80,7人付款
正版现货 利用Python进行数据分析（原书第2版）python数据分析实战 数据挖掘分析 精通数据科学 Python网络爬虫入门实战手册书,华心图书专营店,76.70,85人付款
【正版】Python数据分析基础零编程经验也可学会用Python语言进行数据分析python爬虫数据分析实战python编程入门基础学习手册书籍,友杰图书专营店,46.90,37人付款
【赠源代码】python编程 从入门到实践python基础教程数据分析python学习手册编程入门迅速掌握Python编程语言爬虫书籍 快速上手,布克图书专营店,69.80,17人付款
正版 实战Python网络爬虫 从爬虫软件开发到自己动手开发爬虫框架 Python开发爬虫核心技术 Python3网络爬虫开发实战 爬虫软件开发,济南常青藤图书专营店,67.50,4人付款
Python基础教程 第3版python3核心编程从入门到实践网络爬虫数据分析 零基础自学pathon从入门到精通程序设计实战代码书籍小甲鱼,友杰图书专营店,69.80,2人付款
Django企业开发实战 高效Python Web框架指南 python基础教程入门到实践 语言程序设计书籍爬虫技巧核心编程 Web网站项目架构开发,济南常青藤图书专营店,66.50,4人付款
【官方正版】 Python网络爬虫实战 清华大学出版社  Python网络爬虫实战 胡松涛  Python网络爬虫实战（第2版）,清华大学出版社官方旗舰店,63.20,6人付款
零基础入门学习Python 小甲鱼 python编程从入门到精通实践 pathon3.5语言程序设计基础教程python爬虫 计算机零基础入门自学书籍,墨马图书专营店,29.70,159人付款
正版 零基础轻松学Python 小码哥 python基础教程 python3 python编程从入门到精通 python核心编程网络爬虫开发计算机程序开发,布克图书专营店,39.00,14人付款
疯狂Java讲义 第5版+疯狂Python讲义李刚著 计算机书教程Java8语言实用案例开发 java从入门到精通python核心技术网络爬虫书籍,墨马图书专营店,154.20,9人付款
【现货】Python编程无师自通 专业程序员的养成宋秉金python编程从入门到实践python基础教程 零基础学python网络爬虫编程入门书籍,弗洛拉图书专营店,38.30,10人付款
正版python基础教程 零基础学Python3.5编程从入门到实践精通计算机程序设计pathon核心技术网络爬虫书籍 赠源代码/视频课程小甲鱼,大亨图书专营店,69.80,17人付款
Python代码代写/网络爬虫/算法设计/数据分析 程序代写 爬虫定制,灬奔跑人生,10.00,29人付款
正版 Python网络编程 第3版 Python3爬虫数据分析编程理解技术 Python构建网络应用程序技术书 python程序设计教材 Python图书,昂秀图书专营店,55.80,17人付款
python基础教程 零基础学Python3编程从入门到实践 精通计算机程序设计pathon核心技术网络爬虫书籍 赠源代码/视频课程小甲鱼,人民邮电出版社官方旗舰店,69.80,40人付款
正版Python3网络爬虫开发实战 崔庆才 python编程从入门到实战利用python数据分析python语言程序设计基础教程书籍学习手册,昂秀图书专营店,69.80,5人付款
零基础入门学习C语言 带你学C带你飞 小甲鱼新书 python编程从入门到精通实践 语言程序设计基础教程python爬虫零基础入门自学书籍,凤凰新华书店旗舰店,63.99,1人付款
Python程序代写网站网页数据抓取网络爬虫采集程序python爬虫代做,abc110557,20.00,8人付款
python基础教程Python编程从入门到实践实战快速上手零基础编程从入门到精通语言python设计小甲鱼数据开发网络爬虫计算机,盛鼎图书专营店,69.80,42人付款
Python数据处理 全面掌握用Python进行爬虫抓取以及数据清洗与分析的方法 轻松实现高效数据处理 Python数据技术书籍,兰兴达图书专营店,68.80,8人付款
正版 Python量化交易 Python量化编程基础 量化投资与Python语言编程教程书籍 python数据分析量化投资策略网络爬虫平台开发技术,瑞雅图书专营,65.00,12人付款
【官方正版】实战Python网络爬虫 python爬虫核心技术书 分布式爬虫原理 程序设计 趣味python编程实战入门书 Python开发实战教程,百华图书专营店,70.78,33人付款
现货 Python编程从入门到实践python3.5绝技核心编程基础教程网络爬虫入门书籍python视频编程从入门到精通程序设计教材,志达图书专营店,69.80,4人付款
零基础入门学习Python 第2版第二版 微课视频版 Python轻松入门 Python 3基础语法知识 Python 3在爬虫界面开发和游戏开发应用图书,兰兴达图书专营店,66.90,3人付款
Python代写代做爬虫算法R语言SPSS数据分析JAVA程序软件定制开发,yisurvey,20.00,10人付款
Python基础教程 第3版python3核心编程从入门到实践网络爬虫数据分析 零基础自学pathon从入门到精通程序设计实战代码书籍小甲鱼,人民邮电出版社官方旗舰店,69.80,12人付款
预售 正版python基础教程零基础学Python3.5编程从入门到实践 精通计算机程序设计pathon核心技术网络爬虫书籍Web应用程序人民邮电,云图盛世图书专营店,63.90,3人付款
Python从入门到项目实践全彩版Python编程从入门到实践 网格爬虫 Python语言 Python入门书开发视频教程 计算机教材,志达图书专营店,54.80,6人付款
php代做python代码爬虫代写c语言程序设计汇编程序微信小程序网站,闫学彬1227,50.00,27人付款
【正版书籍】 Python编程从入门到实践python3.5绝技核心编程基础教程网络爬虫入门书籍python视频编程从入门到精通程序设计,盛世宏烨图书专营店,69.80,4人付款
网络爬虫 爬取数据 微博 知乎等，覆盖99%网站 excel数据python,abc110557,20.00,7人付款
无忧考吧2019年9月全国计算机二级python电子题库软件二级爬虫题,筑梦教育专营店,30.00,24人付款
【视频教学+课件+源代码】 python从小白到大牛 关东升 4个完整实战项目 深度学习 Python基础与高级编程书籍 爬虫技术 清华社,湖南弘道图书专营店,64.00,5人付款
Python 3.7编程快速入门 Python大数据编程工具零基础入门 Python编程语法基础 Python程序设计自学教程 Python与网络爬虫入门书籍,杰城图书专营店,44.50,16人付款
正版现货]Python编程从入门到实践 零基础快速上手实战python编程从入门到精通python视频数据开发网络爬虫python计算机教材程序,南昌阳光图书专营店,69.80,17人付款
包邮 Python编程从入门到实践 python3.0 绝技核心编程基础视频教程网络爬虫入门书籍 python 视频编程从入门到精通 程序设计教材,世纪书缘图书专营,69.80,2人付款
Python绝技 运用Python成为黑客 python基础编程教程书籍黑客攻防技术与渗透测试 python核心编程 计算机网络爬虫从入门到精通,瑞雅图书专营,50.50,22人付款
正版 Python编程从入门到实践 python3.0 绝技核心编程基础视频教程网络爬虫入门书籍 python 编程从入门到精通 程序设计教材,华文兄弟图书专营店,69.80,10人付款
python视频教程 零基础2017爬虫django编程运维开发实战在线课程,聚飞教育服务专营店,19.80,44人付款
r语言代做python爬虫代写rstudio数据分析机器学习神经网络access,t_1483975331252_0166,10.00,28人付款
【当当网 正版书籍】Python项目案例开发从入门到实战——爬虫、游戏和机器学习,当当网官方旗舰店,40.90,20人付款
Python数据处理 全面掌握用Python进行爬虫抓取以及数据清洗与分析的方法 轻松实现高效数据处理 Python数据技术书籍,悦悦图书专营店,73.00,13人付款
2本套 Python编程+网络爬虫入门书籍 Python程序设计书籍 网络爬虫从入门到精通 Python3.5核心编程教材 计算机编程书籍,阅轩图书专营店,108.00,55人付款
2本套 Python编程入门到实践 流畅python 核心编程的基础教程书籍 python3.5计算机程序设计教材 网络爬虫视频教程从入门到精通,阅轩图书专营店,168.00,6人付款
【当当网】Python核心编程第3版 python从入门到实践开发进阶书籍 python机器学习数据处理分析网络爬虫python开发大全学习手册,当当网官方旗舰店,74.80,10人付款
Django企业开发实战 高效Python Web框架指南 python基础教程入门到实践 语言程序设计书籍爬虫技巧核心编程,悦悦图书专营店,70.40,14人付款
利用Python进行数据分析原书第2版 python基础入门教程python数据分析爬虫程序大数据处理计算机程序设计 新华书店正版图书籍,新华在线图书专营店,71.00,14人付款
新华文轩包邮 Python 3网络爬虫开发实战 Scrapy数据分析处理手册 python3爬虫python网络爬虫实战 python基础教程编程入门书基于p,新华文轩网络书店,73.90,10人付款
Python项目案例开发从入门到实战 爬虫游戏和机器学习 微课版 python中文版人工智能机器学习神经网络编程书籍Python基础教程入门,新华在线图书专营店,47.50,24人付款
"Python项目案例开发从入门到实战 爬虫、游戏和机器学习 微课版  郑秋生,夏敏捷 编 程序设计（新）专业科技 新华书店正版图书籍",新华文轩网络书店,62.60,6人付款
【套装3本】Python3网络爬虫开发实战 用Python写网络爬虫 第2版 精通Python爬虫框架Scrapy python3新手入门教程 python核心编程,华心图书专营店,158.00,14人付款
正版 Python数据科学手册 数据分析计算书籍 NumPy数据存储 Python网络爬虫入门 Matplotlib数据可视化实战 人民邮电出版社,济南常青藤图书专营店,74.90,4人付款
Python游戏编程入门+C++游戏编程入门+游戏编程入门 全3册 Python3爬虫数据分析编程教程 游戏编程入门书籍 C++程序设计书籍,墨涵图书专营店,115.00,53人付款
【正版】【赠源代码】Python网络爬虫权威指南（第2版）计算机编程入门基础教程书籍 用Python写网络爬虫 核心程序设计实践教材,友杰图书专营店,52.80,13人付款
【套装2本】Python3网络爬虫开发实战 数据分析处理方法数据挖掘 Python网络爬虫权威指南 计算机编程基础教程入门书籍软件开发,华心图书专营店,128.00,12人付款
【正版】Python核心编程第3版 python从入门到实践开发进阶书籍 python机器学习数据处理分析网络爬虫python开发大全学习手册,友杰图书专营店,59.80,14人付款
Python从入门到精通+疯狂python讲义 核心编程入门书籍零基础学习网络爬虫 python编程从入门到实践 python教程语言程序设计书,墨涵图书专营店,119.80,11人付款
正版 Python网络爬虫实战（第2版) python3网络爬虫开发实战 python基础教程 python数据分析 python程序设计python编程入门,济南常青藤图书专营店,54.50,1人付款
正版 Python网络爬虫从入门到实践 第2版 附代码 Python3.6 python数据分析 python爬虫 python编程从入门到精通 python编程,布克图书专营店,47.80,4人付款
【清华出品】Python编程从入门到精通 计算机编程零基础入门书籍学习网络爬虫 pathon编程从入门到实践python基础教程语言程序设计,墨马图书专营店,48.80,164人付款
python基础教程Python编程从零基础到项目实战python机器学习入门人工智能Python大数据分析算法基础python网络爬虫python书籍三册,墨马图书专营店,114.00,10人付款
正版 Python网络爬虫技术 江吉彬 张良均著 python爬虫 数据挖掘爬取技术 Python3网络爬虫开发实战 大数据人才培养规划教材,布克图书专营店,27.10,19人付款
包邮 数据结构 Python语言描述 python编程程序设计从入门到实践数据分析快速上手 Python基础教程机器学习人工智能书爬虫异步,弗洛拉图书专营店,47.50,2人付款
Python网络爬虫权威指南 第二2版 Python 3 网络爬虫开发实战入门教程 数据采集 数据爬取 数据挖掘书 核心程序设计实践教材,弗洛拉图书专营店,53.70,7人付款
Python 3.7编程快速入门 Python大数据编程工具零基础入门 Python编程语法基础 Python程序设计自学教程 Python与网络爬虫入门书籍,兰兴达图书专营店,44.90,4人付款
Python游戏编程入门 Python3爬虫数据分析编程教程 程序设计书籍 Python编程初学者指南Python开发入门书 Python语言编码,志达图书专营店,31.60,30人付款
